time;open;high;low;close
1654662600;30296.96;30359.18;30175.28;30248.45
1654664400;30248.45;30355.66;30213.34;30260.72
1654666200;30260.71;30650.02;30250;30548.89
1654668000;30548.89;30686.63;30352.58;30428.61
1654669800;30428.69;30536.32;30390;30534.75
1654671600;30534.74;30551.52;30314.45;30385.72
1654673400;30385.72;30637.84;30357.75;30561.77
1654675200;30561.77;30616.85;30431.48;30517.03
1654677000;30517.03;30567.98;30443.97;30505.23
1654678800;30505.24;30514.07;30373.17;30446.28
1654680600;30446.29;30575.76;30412.3;30530.6
1654682400;30530.6;30535.31;30399;30417.72
1654684200;30417.73;30449.67;30336.81;30382.78
1654686000;30382.79;30477.31;30340.72;30413.91
1654687800;30413.91;30510.01;30404.96;30410.85
1654689600;30410.85;30450.22;30111.01;30214.11
1654691400;30214.11;30298.47;30137.78;30137.78
1654693200;30137.79;30390.63;30051.16;30369.54
1654695000;30369.53;30901.67;30221.92;30766.49
1654696800;30766.5;30797;30474.24;30503.52
1654698600;30503.52;30576.19;30338.75;30425.75
1654700400;30425.76;30558.06;30375.39;30480.05
1654702200;30480.05;30557.9;30391;30476.77
1654704000;30476.77;30552.64;30376.74;30439.94
1654705800;30439.93;30441.05;30213.92;30331.51
1654707600;30331.51;30457.43;30287.62;30384.54
1654709400;30384.53;30408.95;30304.44;30382.62
1654711200;30382.61;30421.05;30151.71;30212.5
1654713000;30212.49;30330;29916.45;30234.87
1654714800;30234.86;30287.99;30075.17;30229.63
1654716600;30228.8;30307.94;30127.64;30140.14
1654718400;30140.14;30217.31;30102.86;30198.03
1654720200;30198.03;30321.92;30172.46;30202.53
1654722000;30202.53;30378.34;30200.16;30304.14
1654723800;30304.14;30499;30294.45;30424.25
1654725600;30424.24;30457.23;30303;30327.08
1654727400;30327.09;30392.74;30283.32;30310.55
1654729200;30310.55;30370.17;30234.76;30290.2
1654731000;30290.19;30352.52;30189.22;30204.77
1654732800;30204.77;30243.39;30103.59;30138.22
1654734600;30138.21;30274.24;30070.24;30223.76
1654736400;30223.76;30323.51;30213.33;30279.69
1654738200;30279.69;30313.28;30090.39;30090.5
1654740000;30090.51;30195.97;30075.42;30185.85
1654741800;30185.84;30213.18;30152.22;30203.15
1654743600;30203.14;30272.49;30189.54;30260.28
1654745400;30260.28;30303.51;30231.86;30293.49
1654747200;30293.5;30302.05;30235.85;30281.1
1654749000;30281.1;30282.61;30238.47;30267.46
1654750800;30267.46;30465.59;30250.35;30379.99
1654752600;30379.99;30400.01;30315.26;30315.29
1654754400;30315.29;30341.68;30300;30312.81
1654756200;30312.8;30350;30283.57;30334.47
1654758000;30334.46;30425.48;30317.21;30417.21
1654759800;30417.22;30487.54;30339.74;30487.54
1654761600;30487.53;30569;30360.27;30435.51
1654763400;30435.5;30549;30400;30510.57
1654765200;30510.56;30618.46;30482.82;30584.25
1654767000;30584.25;30700;30493.74;30549.46
1654768800;30549.45;30587.86;30503;30587.86
1654770600;30587.85;30600.04;30384.66;30433.81
1654772400;30433.81;30453.4;30374.03;30423.99
1654774200;30424;30442.3;30251.89;30299.47
1654776000;30299.46;30366.68;30004.77;30225.51
1654777800;30225.51;30225.51;30052.66;30112.88
1654779600;30112.87;30220.43;30066.63;30139.18
1654781400;30139.18;30258.99;29944.1;30167.3
1654783200;30167.3;30271.2;30059.29;30256.64
1654785000;30256.64;30287.07;30079;30116.57
1654786800;30116.56;30186.44;30036.19;30133.64
1654788600;30133.63;30389.05;30122.71;30302.24
1654790400;30302.23;30329.72;30180.2;30215.02
1654792200;30215.01;30375.34;30188;30351.93
1654794000;30351.94;30450;30250.33;30261.51
1654795800;30261.52;30323.54;30207.92;30323.53
1654797600;30323.54;30347;30170;30238.07
1654799400;30238.07;30238.08;30141.91;30148.23
1654801200;30148.23;30173.22;30089.29;30092.54
1654803000;30092.53;30140.41;29976;30017.12
1654804800;30017.12;30157.14;29970.51;30127.47
1654806600;30127.47;30197.77;30101.04;30185.93
1654808400;30185.92;30250;30161.24;30177.2
1654810200;30177.2;30217.03;30134.61;30139.31
1654812000;30139.3;30155.66;30037.68;30093.23
1654813800;30093.23;30122.62;30017;30067.61
1654815600;30067.61;30114.75;30000;30092.3
1654817400;30092.3;30124.04;30070.72;30109.93
1654819200;30109.93;30145.38;29578.96;29806.44
1654821000;29806.43;29888.18;29692;29755.12
1654822800;29755.11;30057.51;29739.9;29969.98
1654824600;29969.97;29982.58;29865.9;29885.72
1654826400;29885.73;30039.13;29874.06;30012.96
1654828200;30012.95;30030.91;29978.44;30024
1654830000;30024;30382.8;30024;30213.88
1654831800;30213.89;30231.94;30080;30114.38
1654833600;30114.38;30147.2;30042.13;30071.91
1654835400;30071.91;30116.58;30057.96;30093
1654837200;30093;30168.62;30087.94;30161.97
1654839000;30161.97;30185;30100;30104.12
1654840800;30104.11;30226.79;30067.97;30144.96
1654842600;30144.96;30160.27;30078.5;30095.48
1654844400;30095.48;30135.68;30060;30096.28
1654846200;30096.28;30131.9;30052.43;30052.43
1654848000;30052.44;30114.25;30005;30032.09
1654849800;30032.09;30075.73;30005;30020.81
1654851600;30020.8;30078.84;29901;30041
1654853400;30041;30058.51;29868;29897.09
1654855200;29897.09;29987.31;29875.09;29975.86
1654857000;29975.85;30012.88;29950.96;30000.65
1654858800;30000.64;30040.11;29968.91;29976.83
1654860600;29976.84;30089.51;29976.83;30020.56
1654862400;30020.56;30184.4;29989.09;30106.32
1654864200;30106.32;30106.33;29501;29642.6
1654866000;29642.6;29717.1;29304.03;29449.16
1654867800;29449.17;29582.36;29258;29396.04
1654869600;29396.04;29483.72;29222.67;29453.62
1654871400;29453.62;29694.47;29447.5;29565.01
1654873200;29565.01;29622.59;29353.81;29396.91
1654875000;29396.92;29497.89;29358.74;29454.53
1654876800;29454.52;29484.45;28864.14;28971.77
1654878600;28971.78;29169.36;28850;29045.46
1654880400;29045.47;29186.55;28922.72;29157.18
1654882200;29157.17;29197.1;29067.04;29115.01
1654884000;29115.01;29142.06;29033.14;29062.81
1654885800;29062.82;29099.3;28976.67;29056.8
1654887600;29056.79;29160;28945.63;29044.27
1654889400;29044.27;29139.46;28968.76;28980.02
1654891200;28980.03;29261.39;28970;29204.95
1654893000;29204.96;29229.48;29153;29204.02
1654894800;29204.01;29226.72;29167.18;29175.59
1654896600;29175.58;29400;29154.81;29200.01
1654898400;29200.01;29304.21;29142.14;29170.11
1654900200;29170.11;29243.46;29100;29178.15
1654902000;29178.15;29212.8;29031.52;29115.46
1654903800;29115.45;29144.44;29048.24;29091.88
1654905600;29091.87;29228.7;29047.93;29190.63
1654907400;29190.63;29248.42;29175.04;29233.79
1654909200;29233.79;29259.34;29181.72;29223.12
1654911000;29223.12;29266.75;29180.81;29209.05
1654912800;29209.05;29255.51;29185.69;29246.95
1654914600;29246.95;29300.17;29215.01;29269.68
1654916400;29269.68;29315.21;29229.87;29266.46
1654918200;29266.45;29285;29253.28;29272.43
1654920000;29272.43;29342.75;29251.17;29322.62
1654921800;29322.62;29386.38;29320.03;29383.2
1654923600;29383.2;29440.41;29306.15;29330.68
1654925400;29330.69;29343.35;29253.25;29283.45
1654927200;29283.45;29307.75;29265.26;29300.98
1654929000;29300.98;29314.78;29276;29314.5
1654930800;29314.5;29349.41;29279.99;29318.72
1654932600;29318.73;29358.65;29318.72;29326.83
1654934400;29326.83;29345.11;29256.33;29260.96
1654936200;29260.96;29277.82;28990;28994.03
1654938000;28994.04;29105.35;28742.38;29061.92
1654939800;29061.92;29184.1;29061.2;29073.02
1654941600;29073.02;29122.39;29045.46;29061
1654943400;29061;29061.01;28850;28922.01
1654945200;28922.01;28961.46;28750;28791.3
1654947000;28791.3;28884.81;28590;28734.01
1654948800;28734.01;28870;28700;28786.39
1654950600;28786.39;28786.39;28479.6;28479.61
1654952400;28479.6;28716.42;28348.78;28675.82
1654954200;28675.82;28869.63;28661.25;28780.11
1654956000;28780.11;28781.98;28569;28622.76
1654957800;28622.76;28660.01;28386.7;28429.65
1654959600;28429.65;28605.15;28258.54;28512.89
1654961400;28512.89;28537.94;28251;28405.54
1654963200;28405.55;28505.61;28099.99;28314.4
1654965000;28314.41;28505.41;28211.39;28470.8
1654966800;28470.79;28582.06;28390.38;28505.19
1654968600;28505.2;28582;28421.42;28499.25
1654970400;28499.24;28573.59;28454.69;28525.79
1654972200;28525.78;28794.46;28516.51;28611.35
1654974000;28611.34;28759.29;28599.86;28670.52
1654975800;28670.53;28712.74;28592.66;28595.28
1654977600;28595.27;28623.63;28517.4;28527.42
1654979400;28527.42;28531.24;28378.37;28408.17
1654981200;28408.18;28596.51;28389.91;28565.35
1654983000;28565.35;28620.27;28512.36;28561.05
1654984800;28561.04;28614.29;28538.14;28595.29
1654986600;28595.29;28683.54;28592.95;28635.76
1654988400;28635.75;28645;28440.67;28481.29
1654990200;28481.3;28482.58;28250.04;28424.7
1654992000;28424.71;28527.88;28376.11;28475.37
1654993800;28475.37;28544.96;28430.66;28506.53
1654995600;28506.53;28516.94;28271.35;28325.17
1654997400;28325.17;28414.18;28171;28244.71
1654999200;28244.7;28346.72;27805.77;27896.3
1655001000;27896.29;27953.45;27307.32;27427.48
1655002800;27427.48;27592.95;27249;27537.01
1655004600;27537.02;27764.64;27527.39;27553.23
1655006400;27553.22;27656.05;27470.7;27523.74
1655008200;27523.74;27585.79;27428.48;27436.64
1655010000;27436.63;27473.14;27228.89;27282.83
1655011800;27282.83;27442;27190;27270.79
1655013600;27270.79;27497.78;27245.7;27479
1655015400;27479;27553.12;27451.69;27485.79
1655017200;27485.8;27514.54;27410.67;27412.56
1655019000;27412.56;27677.18;27395.6;27645.89
1655020800;27645.88;27668.87;27532.8;27639.24
1655022600;27639.24;27726.15;27545.2;27568.21
1655024400;27568.21;27611.13;27475.73;27561.42
1655026200;27561.43;27566.34;27455.17;27469.84
1655028000;27469.97;27564.9;27360.16;27523.97
1655029800;27523.98;27580;27423.99;27444.46
1655031600;27444.46;27472.52;27342.82;27385.11
1655033400;27385.1;27526.59;27365.49;27457.39
1655035200;27457.39;27565.47;27448.43;27519.14
1655037000;27519.14;27583.1;27424.74;27436.71
1655038800;27436.72;27475.06;27283.89;27347.87
1655040600;27347.88;27388.61;27234.55;27313.36
1655042400;27313.35;27596.12;26890;27462.01
1655044200;27462.01;27965.76;27462;27815
1655046000;27814.99;28266.61;27776.99;28142.81
1655047800;28142.8;28347.89;27972.63;28094.42
1655049600;28094.42;28177.64;27992.41;27997.6
1655051400;27997.6;28041.44;27812;27932.6
1655053200;27932.6;28133.67;27921.78;28118.55
1655055000;28118.55;28238.58;28082.92;28124.01
1655056800;28124.01;28141.34;27951.35;27981.44
1655058600;27981.44;27995.43;27876.95;27908.06
1655060400;27908.07;27939.18;27525;27533.67
1655062200;27533.67;27650;27423.73;27424.71
1655064000;27424.71;27557.05;27380.59;27451.93
1655065800;27451.94;27461.45;27359.19;27377
1655067600;27376.99;27532.07;27333.33;27479.23
1655069400;27479.23;27491.49;27357.15;27369.34
1655071200;27369.35;27454.38;27104.93;27229.97
1655073000;27229.96;27242.34;26925.27;26995.44
1655074800;26995.44;27190;26958.87;27099.99
1655076600;27099.99;27124.3;26560;26574.53
1655078400;26574.53;26868.78;26422;26808.75
1655080200;26808.75;26895.84;26285.56;26307.16
1655082000;26307.16;26470.53;25930.08;26023.3
1655083800;26023.3;26181.64;25602.17;25771.59
1655085600;25771.6;25862.98;25489.49;25784.82
1655087400;25784.81;25824.46;25334.66;25341.4
1655089200;25341.39;25476.84;24900;25276.17
1655091000;25276.17;25672.59;25252.28;25520.05
1655092800;25520.05;26257.31;25394.51;26095.04
1655094600;26095.05;26155.1;25371.82;25389.99
1655096400;25388.71;25849.99;25358.64;25657.82
1655098200;25657.83;25690.68;25190.27;25234.44
1655100000;25234.44;25607;25057.33;25333.22
1655101800;25333.22;25542.75;25159.68;25358.14
1655103600;25358.15;25472.58;25161;25170.61
1655105400;25170.6;25218.28;24555;24811.59
1655107200;24811.59;24941.17;24550;24742.22
1655109000;24742.22;24932.18;24152.88;24182.6
1655110800;24182.6;24651.17;24021.53;24301.38
1655112600;24301.39;24311.32;23788;24052.83
1655114400;24052.82;24274.04;23841.57;24209.01
1655116200;24209.01;24324.19;23901;23990.63
1655118000;23990.63;24104.7;23570.02;23617.62
1655119800;23617.61;23791;23500;23729.43
1655121600;23729.43;24376.09;23657.01;24165.34
1655123400;24165.34;24272.53;23633.66;23683.31
1655125200;23683.3;23781.13;23360.51;23408.57
1655127000;23408.58;23979.67;23338.73;23651.94
1655128800;23651.94;23740;23250;23427.2
1655130600;23427.21;23480;22600;22804.62
1655132400;22804.62;23320;22618.63;22943.47
1655134200;22943.47;23507.48;22925.17;23271.54
1655136000;23271.53;24138.58;23123.97;23901.73
1655137800;23901.73;24204.55;23642.79;23733.48
1655139600;23732.85;23761.4;23241.28;23278.33
1655141400;23278.32;23599;23106.2;23538.33
1655143200;23538.32;23810.87;23435.63;23640.01
1655145000;23640.01;23706.12;23363.61;23375.01
1655146800;23375.02;23410.83;23134.97;23156.58
1655148600;23156.58;23350;23101.01;23218.22
1655150400;23215.97;23635.4;23191.48;23606.11
1655152200;23606.11;23787.3;23241;23245.83
1655154000;23245.82;23390.54;23165;23212.69
1655155800;23214.98;23263.49;22862.09;23061.45
1655157600;23061.44;23131.51;22876;22917.47
1655159400;22917.46;23061.21;22563;22587.9
1655161200;22587.9;22650;22043.7;22160.63
1655163000;22150.03;22545.1;21925.77;22487.41
1655164800;22485.27;22796.71;22251.55;22313.49
1655166600;22313.5;22549.99;21756.73;21759.51
1655168400;21759.51;21887.84;21150.75;21171.2
1655170200;21171.2;21387.32;20855;20855
1655172000;20855;21642.15;20846;21109.78
1655173800;21109.77;21790;21059.44;21548.74
1655175600;21548.74;21978;21327.36;21914.28
1655177400;21914.28;22300;21836.12;22127.91
1655179200;22127.92;22466.88;21777.02;21914.87
1655181000;21914.87;22108;21763.71;21977.83
1655182800;21977.83;23362.88;21918.66;22870.62
1655184600;22870.61;23047.35;22686.63;22747.24
1655186400;22747.25;22909.5;22323.78;22510.03
1655188200;22510.04;22680;22325.18;22633.82
1655190000;22633.81;22711.15;22171;22553.3
1655191800;22553.31;23041.27;22402.76;22877.52
1655193600;22877.52;22915.69;22667.28;22804.48
1655195400;22804.47;22979.96;22572.35;22609.91
1655197200;22609.9;22700;22451.13;22460.54
1655199000;22460.55;22526.59;22289.36;22298.92
1655200800;22298.92;22563.13;22250.43;22503.22
1655202600;22503.22;22648.13;22327.5;22381.28
1655204400;22381.27;22422.1;21941.85;21978.91
1655206200;21978.91;22051.44;21725.22;21994.56
1655208000;21994.56;22172.93;21811.01;21814.29
1655209800;21814.29;22455.91;21814.29;22150.85
1655211600;22150.85;22573.83;22122.91;22531.34
1655213400;22531.33;22591.78;21967;22411.33
1655215200;22416.91;22486.44;22058.92;22125.31
1655217000;22125.32;22555;22019.06;22513.72
1655218800;22513.71;22773;22352.49;22472.87
1655220600;22472.87;22800;22260.94;22680.38
1655222400;22680.38;22777.07;22490.01;22679.74
1655224200;22679.74;22743.67;22421.16;22484.69
1655226000;22484.69;22740;22432.24;22644.81
1655227800;22644.8;22698;22325;22361.56
1655229600;22361.94;22534.24;22343.37;22446.39
1655231400;22446.4;22590.72;22219.23;22297.16
1655233200;22297.16;22331.77;22126.4;22150
1655235000;22150.01;22320;22137.08;22196.28
1655236800;22190.93;22244.44;21913.53;21933.04
1655238600;21933.04;22093.44;21839.48;21989.87
1655240400;21989.88;22099.57;21518;21555.82
1655242200;21555.83;21646.82;21358;21484.73
1655244000;21484.74;21655.5;21476.28;21609.36
1655245800;21609.35;21659;21475.87;21598.93
1655247600;21598.92;22164.76;21579.07;21992.48
1655249400;21992.48;22344;21978.93;22136.41
1655251200;22136.42;22153.2;21882;21981.69
1655253000;21981.68;22147.05;21741.59;21808.32
1655254800;21808.33;22025.3;21770.68;21998.17
1655256600;21998.17;22297.37;21981.48;22163.99
1655258400;22164;22174.98;21900;21956.42
1655260200;21956.42;22005.58;21851.39;21985.86
1655262000;21985.85;22044.44;21650;21720.59
1655263800;21720.59;21724.5;21406.68;21455.8
1655265600;21455.8;21490.67;20950;21007.78
1655267400;21007.78;21385.29;20923.51;21148.79
1655269200;21148.8;21274.36;20850.4;20893.15
1655271000;20893.15;21350;20750;21226.31
1655272800;21226.31;21412.29;20965.03;21099.35
1655274600;21099.34;21400.99;20999.74;21336
1655276400;21336.01;21445.71;21083.29;21093.48
1655278200;21093.49;21147.51;20652.18;20722.92
1655280000;20722.92;20755.8;20322.65;20464.94
1655281800;20465.91;20680.76;20185;20265.06
1655283600;20265.07;20425.01;20134;20210.02
1655285400;20210.03;20326.12;20111.62;20238.04
1655287200;20238.03;20819.37;20200.58;20512.26
1655289000;20512.27;20680;20480;20573.58
1655290800;20573.59;20998.44;20394.8;20970.08
1655292600;20970.08;21290;20939.41;21177.03
1655294400;21177.04;21580;21045.13;21213.24
1655296200;21213.24;21427.9;21096.66;21197.61
1655298000;21197.62;21673.9;21149.82;21437.85
1655299800;21437.85;21798.95;21342.62;21561.5
1655301600;21561.49;21773.34;21215;21376.16
1655303400;21376.16;21388.28;21080.26;21215.09
1655305200;21215.08;21412.88;21133;21231.75
1655307000;21231.74;21500;21147.65;21419.1
1655308800;21419.09;21545.6;21181.81;21210.54
1655310600;21210.54;21217.62;20632.84;20723
1655312400;20723;21000.85;20566.49;20648.06
1655314200;20648.06;21507.04;20500;21117.26
1655316000;21117.26;21557.95;20250;20752.47
1655317800;20752.47;22496.52;20448.62;21540.07
1655319600;21540.07;22018;21449.74;21909.31
1655321400;21909.31;22280;21549.89;21632.04
1655323200;21632.03;21805.49;21450;21635.44
1655325000;21635.44;21927.43;21561.74;21681.79
1655326800;21681.79;21979.16;21642.46;21903.71
1655328600;21903.71;22445.53;21828.36;22214.02
1655330400;22214.03;22800;22207.1;22646.73
1655332200;22646.72;22747.72;22421.31;22474.41
1655334000;22474.42;22686.81;22422.67;22621.96
1655335800;22621.96;22639.86;22467.49;22583.72
1655337600;22583.72;22806.59;22484.93;22558.81
1655339400;22558.81;22749.17;22500;22680
1655341200;22680;22995.73;22659.22;22688.76
1655343000;22688.76;22700;22352.56;22368.42
1655344800;22368.42;22543.93;22360.6;22426.61
1655346600;22426.61;22521;22324.22;22454.07
1655348400;22454.06;22530;22223.3;22315.38
1655350200;22315.37;22380.37;22167.08;22211.62
1655352000;22211.62;22361.98;22183.77;22321.93
1655353800;22321.94;22349.99;22037.67;22093.97
1655355600;22093.96;22177.87;22016.66;22167.45
1655357400;22167.46;22198.99;21915.24;21941.97
1655359200;21941.98;22006.32;21861.16;21864.33
1655361000;21864.32;21894.22;21712;21797.51
1655362800;21797.51;21939.66;21741.07;21821.97
1655364600;21821.97;21834.44;21646.64;21764.17
1655366400;21764.18;21808.92;21604.14;21737.39
1655368200;21737.39;21888;21720.54;21786.97
1655370000;21786.97;21793.58;21236.94;21319.2
1655371800;21319.2;21336.11;21125.03;21273.85
1655373600;21273.86;21338.24;21050;21066.9
1655375400;21066.91;21361.26;20852.35;21243.04
1655377200;21247.9;21295.8;21004.24;21133.5
1655379000;21133.5;21249.83;20893.69;21044.55
1655380800;21044.56;21302.87;20921.99;21244.66
1655382600;21244.66;21510.2;21143.2;21144.79
1655384400;21144.8;21342;21141.36;21254.97
1655386200;21254.96;21364;20901.01;21022.04
1655388000;21022.04;21100;20745;21047.35
1655389800;21047.34;21140.93;20826;20924.33
1655391600;20924.32;21244.9;20917.33;21206.94
1655393400;21206.94;21278.77;21000.48;21074.77
1655395200;21074.77;21102.14;20818;21092.3
1655397000;21092.3;21250.01;21011.83;21186.1
1655398800;21186.1;21500;21109.08;21345.44
1655400600;21345.44;21426.08;21055;21068.65
1655402400;21068.64;21123.48;20917.23;20995
1655404200;20995.01;21101.17;20914.27;21029.37
1655406000;21029.36;21130.84;20932.92;21072.61
1655407800;21072.61;21099.99;20860.01;20875.48
1655409600;20875.48;21048.38;20860;20966.25
1655411400;20966.25;20970.39;20502;20712.58
1655413200;20712.58;20932;20678.66;20850.52
1655415000;20850.53;20925.62;20631.01;20685.5
1655416800;20685.5;20707.78;20510;20597.72
1655418600;20597.72;20671.94;20343.22;20364.99
1655420400;20364.98;20437.39;20232;20399.84
1655422200;20399.83;20492.52;20250;20401.31
1655424000;20400.6;20630;20274;20454.56
1655425800;20454.57;20454.57;20246.66;20363.63
1655427600;20363.64;20556.86;20347.03;20471.2
1655429400;20471.21;20949.2;20400;20880.8
1655431200;20880.81;21059.68;20723.71;20747.38
1655433000;20747.38;20837.61;20543.09;20580.3
1655434800;20580.29;20680.5;20517.34;20590.07
1655436600;20590.06;20653.93;20352.67;20383.38
1655438400;20383.37;20552.55;20326;20509.99
1655440200;20509.99;20633.65;20486.27;20536.92
1655442000;20536.91;20756.39;20526.69;20745.01
1655443800;20745.01;20974.71;20715.14;20807.76
1655445600;20807.77;20823.28;20616.2;20725.32
1655447400;20725.32;20994.28;20719.07;20898.02
1655449200;20898.02;21197.58;20829.05;21121.7
1655451000;21121.71;21286.01;21040;21100.64
1655452800;21100.65;21258;21022.21;21228.87
1655454600;21229.56;21365.43;21060.32;21069.39
1655456400;21069.39;21134.73;20983.9;21092.64
1655458200;21092.63;21137.93;20877.17;20972.66
1655460000;20972.66;20998.44;20890.01;20947.7
1655461800;20947.69;21150;20847.49;21119.5
1655463600;21119.5;21214.11;21059.45;21119.4
1655465400;21119.41;21218;20943.56;20972.04
1655467200;20972.04;21047.41;20896.27;20906.35
1655469000;20906.35;20956.44;20588;20654.49
1655470800;20654.5;20699.38;20569.63;20624.58
1655472600;20624.58;20920.65;20621.4;20801.35
1655474400;20801.34;20810.76;20408.34;20488.28
1655476200;20488.27;20592.89;20386.93;20550.71
1655478000;20550.71;20749.24;20524.84;20641.16
1655479800;20641.16;20721.69;20540;20663.7
1655481600;20661.95;20791.96;20602.05;20680.79
1655483400;20680.79;20726.38;20530;20571.21
1655485200;20571.2;20714.23;20548.14;20593.46
1655487000;20593.46;20629.9;20510.06;20592.6
1655488800;20592.59;20653.13;20565.57;20592.18
1655490600;20592.19;20592.19;20468.88;20517.62
1655492400;20517.62;20536.39;20440.92;20483.05
1655494200;20483.06;20547.06;20441.41;20515.59
1655496000;20515.59;20708.67;20515.13;20682.54
1655497800;20682.54;20723;20600.73;20652.65
1655499600;20652.65;20680;20574.08;20579.84
1655501400;20579.85;20635.91;20513.03;20554.16
1655503200;20554.16;20605.58;20388;20416.3
1655505000;20416.69;20483.76;20368.2;20451.19
1655506800;20451.19;20544.43;20428.22;20535.94
1655508600;20535.93;20542.72;20434.37;20468.81
1655510400;20468.81;20752;20440.82;20693.72
1655512200;20693.72;20792.06;20548.27;20569.14
1655514000;20569.14;20599.29;20460.41;20496.02
1655515800;20496.02;20501.2;20375.16;20390.01
1655517600;20390.02;20523.25;20322.08;20480.99
1655519400;20481;20481.67;20373.86;20475.28
1655521200;20475.28;20498.75;20390;20424.51
1655523000;20424.52;20467.64;20380.7;20459.65
1655524800;20459.65;20481.03;20397.06;20450
1655526600;20450;20499.67;20414.46;20493.37
1655528400;20493.38;20537.34;20413.79;20436.02
1655530200;20436.03;20445.54;20394.46;20424.05
1655532000;20424.04;20446.52;20387.9;20399.69
1655533800;20399.69;20426.89;19120;19439.26
1655535600;19439.26;19600;19066.8;19245.55
1655537400;19245.55;19419.98;19106.39;19258.58
1655539200;19258.58;19273.02;18742.5;19142.94
1655541000;19142.94;19393;18979.24;19008.88
1655542800;19008.89;19218.18;18901.01;19195.7
1655544600;19193.92;19215.7;19027.52;19173.92
1655546400;19173.91;19540;19149.27;19452.48
1655548200;19452.49;19519.97;19334.39;19395.33
1655550000;19395.33;19464.15;19237.05;19439.97
1655551800;19439.97;19447.31;19237.31;19243.98
1655553600;19243.99;19285.58;19141.9;19241.67
1655555400;19242.15;19291.99;19125.01;19155.45
1655557200;19155.46;19233.71;19090.92;19175.31
1655559000;19175.32;19218.36;19100;19200.11
1655560800;19200.12;19261.75;19154.47;19191.89
1655562600;19191.89;19230;19069.68;19077.58
1655564400;19077.58;19123.97;18950.94;19096.81
1655566200;19096.81;19117.81;18942.75;18953.76
1655568000;18953.76;19101.28;18909.64;19066.55
1655569800;19066.54;19073.99;18811;18875.25
1655571600;18875.25;18964.93;18800;18887.58
1655573400;18887.57;18909.46;18511;18621.13
1655575200;18621.12;18653.57;18257.79;18262.51
1655577000;18262.51;18425.16;18128;18215.78
1655578800;18215.77;18358.75;18100;18238.54
1655580600;18238.54;18297.63;18031.13;18067.6
1655582400;18067.61;18177.41;17663;17719.5
1655584200;17719.5;17968.28;17622;17809
1655586000;17808.99;18850.66;17763.38;18685.62
1655587800;18685.61;18919.78;18341.52;18517.72
1655589600;18517.71;19427.42;18425.56;19337.18
1655591400;19319.66;19493.23;18965.75;19186.93
1655593200;19186.92;19269.99;18908.96;19123
1655595000;19123.01;19198.98;18960.87;18970.79
1655596800;18970.79;19198;18859.29;19107.31
1655598600;19107.3;19182.28;18915;18972.29
1655600400;18972.28;19042.48;18753.23;18850.93
1655602200;18850.93;18857;18410.79;18480.1
1655604000;18480.1;18529.32;18328.12;18361.43
1655605800;18361.43;18526.37;18224.98;18380.1
1655607600;18380.1;18750;18376.5;18552.97
1655609400;18552.98;18622.14;18262.56;18311.09
1655611200;18311.1;18481.28;18264.66;18425.15
1655613000;18425.15;18621.57;18363.22;18504.96
1655614800;18504.96;18543.47;17960.41;18120.87
1655616600;18120.86;18182.83;17986.06;18126.08
1655618400;18126.08;18481.31;18053.13;18376.96
1655620200;18376.96;18430.73;18250.99;18256.55
1655622000;18256.54;18546;18245;18473.61
1655623800;18473.61;18500;18287.94;18306.93
1655625600;18307.39;18487.18;18264.67;18463.69
1655627400;18463.69;18712.06;18463.68;18671.79
1655629200;18671.78;19019;18577.25;18932.91
1655631000;18932.91;19314.91;18902.59;19006.11
1655632800;19006.11;19994.93;18898.74;19702.93
1655634600;19702.93;20057.2;19537.32;19907.41
1655636400;19907.41;20150;19644.66;19760.55
1655638200;19760.54;19813.39;19573.3;19692.5
1655640000;19692.49;19944.52;19333;19419.12
1655641800;19419.11;19545.69;19284.5;19344.27
1655643600;19344.26;19550;19330;19521.79
1655645400;19521.79;19592.57;19130.84;19185.87
1655647200;19185.86;19397.03;19156.22;19368.88
1655649000;19368.88;19514.14;19359.58;19472.24
1655650800;19472.24;19537.08;19327.44;19420.09
1655652600;19420.09;19945.88;19420.08;19824.97
1655654400;19824.96;19872.18;19556.2;19625.16
1655656200;19625.16;19721.49;19350.08;19520.84
1655658000;19521.68;19597.64;19407.52;19524.2
1655659800;19524.19;19576.19;19388.82;19445.99
1655661600;19445.6;19750;19413.44;19625.59
1655663400;19626.2;20263.29;19561.35;20254.52
1655665200;20254.52;20344.91;19840.93;20031.21
1655667000;20031.21;20299;19988.29;20124.08
1655668800;20124.07;20385;20050.47;20343.44
1655670600;20343.43;20716.25;20321.45;20639.48
1655672400;20639.48;20660.44;20295.32;20298.31
1655674200;20298.31;20496.25;20287;20395.64
1655676000;20395.63;20815.95;20313;20673.85
1655677800;20673.85;20747.56;20506.32;20695.22
1655679600;20695.22;20713.77;20451.4;20461.97
1655681400;20463.5;20616.89;20412.47;20574
1655683200;20574;20687.99;20268.13;20328.34
1655685000;20328.34;20367.33;20056.01;20060.39
1655686800;20060.4;20161.19;19751;19843.13
1655688600;19843.14;19858.07;19637.03;19795.52
1655690400;19795.53;20117.77;19711;19724.59
1655692200;19724.59;19961.09;19670.74;19946.18
1655694000;19946.17;20086;19854.68;20068.36
1655695800;20068.35;20197.28;19980.49;19980.49
1655697600;19980.49;20182.02;19936.65;20161.16
1655699400;20161.17;20169.85;19813.3;19857.89
1655701200;19857.9;19969.99;19776.58;19851.28
1655703000;19851.28;20118.36;19782.76;20107.81
1655704800;20107.81;20258.29;19951.8;19971.35
1655706600;19971.34;20149.99;19925;20140.04
1655708400;20140.05;20158.83;19911.99;19948.15
1655710200;19948.15;20091.14;19876.01;20086.63
1655712000;20086.62;20498.57;20023.14;20447.26
1655713800;20447.26;20658.7;20381.94;20568.22
1655715600;20568.23;20799.99;20475.61;20757.37
1655717400;20757.37;21022;20588;20652.36
1655719200;20652.36;20672.21;20468.1;20536.6
1655721000;20536.6;20990;20504.69;20884.11
1655722800;20884.1;20907.11;20677.57;20762.33
1655724600;20762.32;20962.65;20693.79;20801.79
1655726400;20801.79;20820;20470.58;20498.25
1655728200;20498.26;20586.09;20364.33;20555.68
1655730000;20555.67;20715.88;20422.34;20622.18
1655731800;20622.18;20693.35;20385.15;20525.56
1655733600;20525.55;20660.22;20509.99;20634.91
1655735400;20634.91;20931;20611.12;20845.95
1655737200;20845.94;21090;20571.86;20681.53
1655739000;20681.53;20854.27;20619.11;20824.74
1655740800;20824.74;20832.82;20457.95;20527.66
1655742600;20527.65;20575.82;20206.11;20280.93
1655744400;20280.93;20450;20135.71;20296.03
1655746200;20296.03;20417.74;19967.01;19977.6
1655748000;19977.59;20110.84;19832.95;20025.53
1655749800;20025.53;20086;19955.16;20046.43
1655751600;20046.44;20159.99;19886.27;20023.3
1655753400;20023.3;20200;19946.98;20072.81
1655755200;20072.8;20261.83;20001.53;20242.76
1655757000;20242.76;20529.74;20215.05;20455.54
1655758800;20455.55;20633.88;20432.84;20601.12
1655760600;20601.11;20601.12;20320.13;20418.45
1655762400;20418.44;20439.92;20251.59;20377.37
1655764200;20377.37;20582.25;20364.48;20489.62
1655766000;20489.62;20526.29;20378.22;20496.85
1655767800;20496.85;20784.77;20493.9;20573.89
1655769600;20573.9;20654.7;20460.1;20534.23
1655771400;20534.23;20705.74;20396.77;20672.3
1655773200;20672.3;20783.99;20566.4;20569.9
1655775000;20569.91;20708.44;20504.89;20670.88
1655776800;20670.87;20699.93;20459.14;20496.24
1655778600;20496.24;20571.15;20348.4;20433.49
1655780400;20433.49;20557.24;20365;20434.32
1655782200;20434.32;20665.26;20386.82;20614.04
1655784000;20614.04;20740.72;20501.65;20542.74
1655785800;20542.74;20707.41;20474.41;20656.17
1655787600;20656.17;20876;20621.14;20764.05
1655789400;20763.06;21029.93;20735;20890.77
1655791200;20890.77;21202;20890.77;21089.4
1655793000;21089.4;21199.7;21042.56;21192.08
1655794800;21192.08;21333;20952.46;21112
1655796600;21111.99;21229.79;21036.57;21120.28
1655798400;21120.28;21280;21051.25;21177.32
1655800200;21177.32;21500.01;21158.97;21356.32
1655802000;21356.32;21470;21176.01;21205.99
1655803800;21205.98;21264.88;21166.94;21200
1655805600;21200.01;21229.13;21061.54;21208.03
1655807400;21208.04;21307.83;21170.73;21299.27
1655809200;21299.02;21361.03;21125.46;21134.91
1655811000;21134.91;21160.19;20911.13;20962.42
1655812800;20962.42;21092.97;20853.36;20949.33
1655814600;20949.32;21163.24;20940;21106.2
1655816400;21106.19;21188.03;20995.64;21150.01
1655818200;21150.01;21650;21116.99;21619.31
1655820000;21619.31;21671.21;21427.82;21519.32
1655821800;21519.33;21723;21513.81;21590.79
1655823600;21590.79;21604.27;21464.87;21532.51
1655825400;21532.51;21590.24;21339.07;21392.19
1655827200;21392.18;21505.96;21355.77;21486.72
1655829000;21486.72;21550.39;21374.52;21401.52
1655830800;21401.52;21435.56;21332.3;21411.1
1655832600;21411.1;21457.82;21195.7;21242.94
1655834400;21242.93;21256.99;21137.55;21222.46
1655836200;21222.46;21248.51;21076.48;21100.01
1655838000;21100;21226.33;21082.58;21172.8
1655839800;21172.81;21306.51;20870.01;20888.64
1655841600;20888.63;20987.38;20666;20829.89
1655843400;20829.9;20977.74;20798.05;20859.86
1655845200;20859.86;20959.16;20852.43;20915.68
1655847000;20915.69;21054.99;20808;20972.91
1655848800;20972.91;21003.7;20741.03;20772.4
1655850600;20772.4;20929.05;20754.97;20897
1655852400;20897;20943.17;20551;20583.69
1655854200;20583.69;20762.2;20553.45;20723.52
1655856000;20723.51;20735.66;20421.38;20649.17
1655857800;20649.17;20736.68;20526.68;20587.01
1655859600;20587.01;20694.73;20502.81;20610.06
1655861400;20610.05;20719.21;20388.01;20411.24
1655863200;20411.23;20475.22;20330;20460.22
1655865000;20460.22;20526.67;20428.57;20466.47
1655866800;20466.47;20567.6;20449.74;20466.78
1655868600;20466.78;20492.37;20253.96;20317.88
1655870400;20317.89;20422.6;20280.12;20365.98
1655872200;20365.99;20469.5;20275.34;20435.08
1655874000;20435.08;20563.13;20430.24;20526.13
1655875800;20526.13;20595.42;20364.74;20368.76
1655877600;20368.77;20450.99;20005.76;20020
1655879400;20020;20187.84;19950.34;20112.97
1655881200;20112.97;20249.71;19966.62;20204.89
1655883000;20204.89;20244.5;20056.3;20099.62
1655884800;20099.62;20250;20038.85;20206.48
1655886600;20206.49;20257;20100.01;20235.07
1655888400;20235.06;20362;20232.29;20269.22
1655890200;20269.23;20499.9;20262.58;20428.56
1655892000;20428.57;20550;20357.14;20421.93
1655893800;20421.93;20497.23;20373.11;20419.23
1655895600;20419.24;20676.7;20399.01;20600.72
1655897400;20600.73;20642.85;20482.39;20506.3
1655899200;20506.3;20511.01;20382.1;20487.52
1655901000;20487.53;20573.37;20106.06;20365.5
1655902800;20365.49;20547;20235.08;20542.54
1655904600;20542.55;20772.61;20425.33;20723.95
1655906400;20723.95;20900;20642.81;20800.77
1655908200;20800.77;20898.99;20640;20693.98
1655910000;20693.98;20702.79;20434.34;20462.11
1655911800;20462.11;20570.16;20035.54;20080.1
1655913600;20080.85;20251.6;19840.86;20138.11
1655915400;20138.11;20345.76;20113.66;20322.73
1655917200;20322.72;20380;20200;20320.57
1655919000;20320.56;20366.63;20150;20267.42
1655920800;20267.43;20378.47;20224.26;20245.16
1655922600;20245.15;20323.21;20200;20218.15
1655924400;20218.15;20266.32;20089;20112.67
1655926200;20112.68;20153.39;19913;20117.34
1655928000;20117.34;20239.87;19986.31;20133.21
1655929800;20133.2;20133.21;19770.51;19879.97
1655931600;19879.98;20019.74;19868.59;19938.99
1655933400;19939.01;20064.67;19831.19;20005.3
1655935200;20005.3;20058.57;19918.31;19958.76
1655937000;19958.77;20169.09;19953.33;20103.32
1655938800;20103.32;20139.53;20075;20080.09
1655940600;20080.08;20120.46;19960.51;19987.99
1655942400;19988;20470.22;19890.07;20341.64
1655944200;20341.65;20510;20234.1;20419.14
1655946000;20419.15;20566;20339.13;20520.18
1655947800;20520.18;20612.22;20340.87;20375.49
1655949600;20375.48;20463;20347.63;20368.75
1655951400;20368.75;20492.01;20352.64;20363
1655953200;20363.01;20376.72;20265.74;20318.61
1655955000;20318.62;20318.62;20211.43;20213.79
1655956800;20213.78;20288.68;20168.26;20251.47
1655958600;20251.48;20394.99;20240;20357.17
1655960400;20357.17;20390.46;20273.9;20385.97
1655962200;20385.97;20474.36;20331.1;20349.16
1655964000;20349.16;20454.22;20303.76;20423.09
1655965800;20423.09;20657.14;20398.05;20548.51
1655967600;20548.52;20623.87;20483.38;20489.22
1655969400;20489.21;20505.58;20424.98;20461.83
1655971200;20461.83;20659.46;20454.32;20568.55
1655973000;20568.55;20609.75;20478.76;20576.66
1655974800;20576.65;20720;20513.78;20550.8
1655976600;20550.8;20785.52;20488.02;20746.4
1655978400;20746.4;20812.12;20690.23;20733.54
1655980200;20733.54;20784.21;20662.53;20699.54
1655982000;20699.54;20719.69;20645.85;20696.29
1655983800;20696.3;20704.82;20591.53;20638.79
1655985600;20638.89;20777;20576.25;20765.76
1655987400;20765.77;20829.21;20493.21;20563.48
1655989200;20563.48;20639.29;20536.4;20580.01
1655991000;20580.01;20653.8;20365.13;20459.94
1655992800;20459.94;20506.19;20397.59;20464.11
1655994600;20464.11;20615.94;20450;20609.71
1655996400;20609.71;20615.93;20418.57;20426.38
1655998200;20426.39;20441.35;20287.41;20351.91
1656000000;20351.91;20366.98;20211.66;20305.73
1656001800;20305.72;20364.74;20265.96;20284.28
1656003600;20284.28;20341.4;20170;20266.95
1656005400;20266.94;20395.08;20250;20319.32
1656007200;20319.32;20434.9;20288.91;20413.18
1656009000;20413.18;20456;20375.13;20431.92
1656010800;20431.92;20791.04;20390.82;20715.39
1656012600;20715.39;20945.55;20696.2;20910.06
1656014400;20910.06;21123;20743.75;20919.81
1656016200;20919.81;20950;20792.92;20815.25
1656018000;20815.26;20852.44;20765.03;20817.5
1656019800;20817.51;20821.87;20672.72;20687.76
1656021600;20687.75;21025.2;20683.2;20992.59
1656023400;20992.6;21233;20959.73;20991.75
1656025200;20991.75;21182.01;20975.88;21150.69
1656027000;21150.68;21203.7;21058.02;21110.13
1656028800;21110.12;21199.88;21003.06;21032.26
1656030600;21032.26;21064.82;20973.68;21007.18
1656032400;21007.18;21183.78;20985.14;21099.21
1656034200;21099.2;21172.09;21038;21047.6
1656036000;21047.59;21159.53;21015.14;21138.92
1656037800;21138.92;21369.85;21130.62;21173.46
1656039600;21173.47;21277.5;21146.05;21168.53
1656041400;21168.53;21177.04;21040;21073.73
1656043200;21073.73;21154.62;21067.71;21099.15
1656045000;21099.16;21099.16;20983.01;21050.15
1656046800;21050.15;21120;21000.59;21094.68
1656048600;21094.69;21168.13;20864.84;20910.89
1656050400;20910.89;20944.03;20834.1;20935.09
1656052200;20935.09;20962.17;20780.59;20842.16
1656054000;20842.16;20900.03;20736.72;20872.41
1656055800;20872.4;21000.59;20862.76;20913.72
1656057600;20913.73;21004.98;20900;20941.89
1656059400;20941.9;21094;20919.91;21053.33
1656061200;21053.33;21077.12;20925.2;20925.76
1656063000;20925.76;20944;20745.01;20824.99
1656064800;20824.99;20932.7;20792.59;20917.41
1656066600;20917.4;21000.3;20887.41;20995.36
1656068400;20995.36;21233;20979.81;21148.44
1656070200;21148.45;21326.52;21145.17;21169.53
1656072000;21169.53;21457;21086.01;21383.84
1656073800;21385.98;21400.89;21142.86;21215.25
1656075600;21215.24;21334.94;21142.86;21248.6
1656077400;21248.6;21376;21190.81;21199.99
1656079200;21199.98;21374.99;21199.98;21250.98
1656081000;21250.99;21260.01;21053.72;21120.78
1656082800;21120.77;21129.86;20860;20987.79
1656084600;20987.8;20999.98;20822.9;20884.17
1656086400;20884.17;20944.51;20855.51;20885.06
1656088200;20885.05;21100;20784.76;21044.61
1656090000;21044.61;21228.92;21025.82;21150.94
1656091800;21150.95;21197.74;20933.32;20972.4
1656093600;20972.41;21035.08;20904.02;20971.36
1656095400;20971.37;21132.07;20957.63;21126.61
1656097200;21126.61;21192.07;21027.19;21177.96
1656099000;21177.96;21267.36;21127.45;21253.61
1656100800;21253.79;21341.97;21190.5;21192.35
1656102600;21192.35;21316;21146;21200.42
1656104400;21200.41;21365;21182.8;21350
1656106200;21350;21360;21279.5;21317.48
1656108000;21317.47;21558.41;21300;21348.38
1656109800;21348.39;21449.99;21303.84;21310.99
1656111600;21310.73;21374.89;21257.46;21341.35
1656113400;21341.35;21394.35;21194.01;21237.69
1656115200;21237.68;21302.81;21136.04;21251.23
1656117000;21251.23;21302.81;21121.72;21194.12
1656118800;21194.12;21324.92;21147.84;21286.69
1656120600;21286.69;21342.86;21276.32;21331.33
1656122400;21331.33;21379.65;21225.9;21241.05
1656124200;21241.06;21261.55;21151.38;21177.36
1656126000;21177.36;21319;21157.41;21258.45
1656127800;21258.45;21345.89;21192.24;21300.62
1656129600;21300.62;21306.55;21210;21224.23
1656131400;21224.24;21302.65;21206.68;21234.48
1656133200;21234.49;21323.48;21221.67;21290.53
1656135000;21290.52;21320.17;21214.59;21216.88
1656136800;21216.87;21265.08;21180.4;21206.9
1656138600;21206.9;21308.08;21206.89;21303.62
1656140400;21303.61;21525;21297.93;21497.59
1656142200;21497.59;21614.5;21406.89;21508.13
1656144000;21508.09;21555.71;21418.02;21462.96
1656145800;21462.96;21463;21353.97;21395.38
1656147600;21395.37;21478;21358.88;21446.64
1656149400;21446.64;21500.39;21401.21;21432.69
1656151200;21432.69;21484.47;21385.14;21412.07
1656153000;21412.06;21457.67;21391.09;21433.15
1656154800;21433.16;21475;21409.35;21460.19
1656156600;21460.19;21464.32;21318.63;21340.22
1656158400;21340.22;21372.89;21075.83;21126.29
1656160200;21126.29;21219.77;21031.92;21147.94
1656162000;21147.95;21206.54;21070.93;21206.54
1656163800;21206.54;21245.77;21121.29;21165.45
1656165600;21165.45;21223.21;21082.95;21090.75
1656167400;21090.75;21172.3;21080;21128.9
1656169200;21128.9;21165.1;21083.49;21156.45
1656171000;21156.45;21184.55;20906.62;20961.89
1656172800;20961.89;21066.51;20915;20993.12
1656174600;20993.13;21070;20993.12;21053.63
1656176400;21053.63;21149;21014.32;21118.62
1656178200;21118.63;21164.21;21076.96;21096.77
1656180000;21096.76;21109.97;21043.75;21085.85
1656181800;21085.85;21256.96;21066.38;21236.85
1656183600;21236.84;21271.62;21165.18;21178.81
1656185400;21178.82;21214.13;21154.87;21206.2
1656187200;21206.21;21222.24;21146.04;21198.57
1656189000;21198.57;21250;21168.94;21226.14
1656190800;21226.14;21456.52;21207.7;21381.01
1656192600;21381.01;21523.14;21372.23;21512.07
1656194400;21512.07;21526.41;21390.68;21434.87
1656196200;21434.87;21490;21416.21;21431.33
1656198000;21431.32;21495.81;21428.28;21478.55
1656199800;21478.56;21588.43;21441.79;21491.19
1656201600;21491.18;21544.49;21393.63;21435.75
1656203400;21435.76;21499;21403.72;21468.29
1656205200;21468.29;21538.55;21460;21463.28
1656207000;21463.28;21463.28;21328.39;21395.07
1656208800;21395.08;21421.06;21356.66;21359.86
1656210600;21359.87;21397.78;21282.13;21352.77
1656212400;21352.78;21410;21333.22;21395.1
1656214200;21395.1;21456.12;21378.97;21426.23
1656216000;21426.23;21449.23;21359.57;21383.89
1656217800;21383.88;21479.81;21373.81;21424.82
1656219600;21424.81;21484.98;21424.81;21443.14
1656221400;21443.14;21454.15;21373.84;21442.01
1656223200;21442.01;21449.17;21336.96;21423.38
1656225000;21423.39;21526;21415.36;21476.19
1656226800;21476.19;21484.93;21414.69;21431.58
1656228600;21431.58;21460.38;21365.05;21396.52
1656230400;21396.52;21456.89;21384.99;21418.1
1656232200;21418.11;21470.77;21385.01;21453.21
1656234000;21453.22;21480.82;21365.15;21401.29
1656235800;21401.3;21444.99;21373.47;21414.83
1656237600;21414.84;21449.81;21393.77;21409.4
1656239400;21409.4;21433.41;21378.69;21417.86
1656241200;21417.87;21444.97;21404.4;21414.84
1656243000;21414.83;21777;21398.9;21708.6
1656244800;21708.6;21888;21583.11;21586.94
1656246600;21586.94;21701.6;21413.57;21456.36
1656248400;21456.37;21486.75;21307.09;21385.24
1656250200;21385.23;21423.26;21327;21408.93
1656252000;21408.94;21493.67;21395.87;21471.68
1656253800;21471.68;21490;21403.46;21411.58
1656255600;21411.58;21416.72;21197.12;21277.06
1656257400;21277.07;21346.31;21241.37;21326.11
1656259200;21325.98;21386.69;21273.77;21361.74
1656261000;21361.75;21445.88;21327.48;21352.02
1656262800;21352.03;21366.59;21128.41;21204.33
1656264600;21204.33;21280.45;21154;21260.66
1656266400;21260.66;21269.01;21115.3;21192.14
1656268200;21192.13;21230.01;21154.55;21186.64
1656270000;21186.64;21296.29;21182.62;21269.56
1656271800;21269.57;21309.09;21235.88;21283.6
1656273600;21283.6;21309.97;21236.86;21253.11
1656275400;21253.1;21425;21250;21401.73
1656277200;21401.73;21421.88;21327.52;21354.92
1656279000;21354.93;21416.74;21334.61;21381.85
1656280800;21381.86;21403.05;21066.12;21093
1656282600;21093;21157.76;20964.73;21143.78
1656284400;21143.78;21235.73;21094.54;21153.16
1656286200;21153.15;21164.81;20971.59;21038.07
1656288000;21038.08;21119.29;20975.97;21067.27
1656289800;21067.27;21117.18;20987;21048.72
1656291600;21048.71;21137.86;20926.01;21109.74
1656293400;21109.74;21123.97;21047.06;21090.55
1656295200;21090.55;21116.56;21046.67;21068.07
1656297000;21068.07;21190.1;21068.06;21131.3
1656298800;21131.3;21186.7;21112.13;21134.48
1656300600;21134.47;21182.71;21121.87;21171.32
1656302400;21171.33;21318.66;21149.09;21216.58
1656304200;21216.59;21272.23;21214.75;21246.58
1656306000;21246.58;21268.05;21142.86;21160.55
1656307800;21160.55;21220.01;21154;21182.6
1656309600;21182.6;21235.15;21166.42;21192.34
1656311400;21192.34;21278.5;21187.42;21267.6
1656313200;21267.59;21404.52;21260;21387.66
1656315000;21387.66;21396.39;21315.65;21363.22
1656316800;21363.23;21409.64;21363.22;21384.11
1656318600;21384.11;21539.85;21338.5;21489.8
1656320400;21489.81;21500.58;21425;21436.31
1656322200;21436.3;21493;21422.97;21454.57
1656324000;21454.58;21492.42;21393.94;21449.91
1656325800;21449.91;21477.94;21412.89;21437.18
1656327600;21437.18;21450;21339.83;21376.49
1656329400;21376.48;21390.49;21285.48;21304.55
1656331200;21304.56;21343.83;21227.6;21233.71
1656333000;21233.7;21250.93;21169.97;21235.84
1656334800;21235.84;21285;21194.44;21256.35
1656336600;21256.35;21279.56;20722.04;20737.81
1656338400;20737.82;20784.81;20590;20680
1656340200;20680;20845.37;20629.19;20820.51
1656342000;20820.5;20851.51;20675.11;20753.24
1656343800;20753.24;20849.92;20743.56;20754.73
1656345600;20754.74;20762.57;20660.01;20722.46
1656347400;20722.46;20811.68;20700;20759.66
1656349200;20759.65;20783.66;20721.95;20732.6
1656351000;20732.59;20756.46;20700.11;20726.78
1656352800;20726.77;20945;20510;20884.08
1656354600;20884.09;20932.7;20775;20821.05
1656356400;20821.05;20870;20723.34;20855.65
1656358200;20855.64;20894.22;20806.58;20855.37
1656360000;20855.38;20966.73;20855.37;20935.67
1656361800;20935.67;20955.44;20866.75;20913.56
1656363600;20913.57;20916.9;20851.1;20863.09
1656365400;20863.09;20890.51;20783.15;20803.24
1656367200;20803.25;20950;20762.8;20799.44
1656369000;20799.44;20873.22;20782.48;20814.42
1656370800;20814.42;20887.99;20810;20854.52
1656372600;20854.52;20858.59;20680;20742.56
1656374400;20742.57;20873.82;20727.4;20849.44
1656376200;20849.43;20857.09;20684;20770.5
1656378000;20770.5;20814.7;20650.01;20662.22
1656379800;20662.22;20706.13;20553.04;20619.45
1656381600;20619.44;20684.39;20510;20597.61
1656383400;20597.6;20648.67;20541.91;20640.98
1656385200;20640.99;20700;20630.98;20690.38
1656387000;20690.38;20758.16;20678;20735.03
1656388800;20735.03;20780;20703.3;20734.48
1656390600;20734.48;20795.09;20734.47;20771.57
1656392400;20771.58;20829.1;20747.7;20798.49
1656394200;20798.48;20808.52;20735.42;20741.3
1656396000;20741.29;20888;20741.29;20875.49
1656397800;20875.49;20900;20822.43;20862.65
1656399600;20862.64;20933;20860.48;20878.94
1656401400;20878.94;20910.9;20830.43;20879.39
1656403200;20879.39;20946.91;20870.01;20890.66
1656405000;20890.67;21150.29;20870.63;21119.32
1656406800;21119.32;21212.1;21116.72;21145.81
1656408600;21145.81;21154;21046.89;21060.1
1656410400;21060.1;21081.37;21015.66;21063.33
1656412200;21063.33;21090.7;20994.87;21023.26
1656414000;21023.25;21046.32;20904.74;21032.54
1656415800;21032.54;21086.87;20997.29;20998.13
1656417600;20998.14;21128.88;20971.16;20983.99
1656419400;20983.99;21037.11;20944.04;20953.31
1656421200;20953.31;21030.75;20869.2;21005.29
1656423000;21005.28;21129.19;20987.83;21058.34
1656424800;21058.34;21088.95;20839.94;20839.99
1656426600;20840;20854.08;20716.67;20845.08
1656428400;20845.09;20845.09;20650;20686.78
1656430200;20686.78;20714.32;20636.42;20648.74